{
  "Total" : {
    "transaction" : "Total",
    "sampleCount" : 100,
    "errorCount" : 100,
    "errorPct" : 100.0,
    "meanResTime" : 2031.0000000000007,
    "medianResTime" : 1146.0,
    "minResTime" : 1111.0,
    "maxResTime" : 10267.0,
    "pct1ResTime" : 4491.0,
    "pct2ResTime" : 9484.99999999997,
    "pct3ResTime" : 10266.96,
    "throughput" : 2.0432348494135915,
    "receivedKBytesPerSec" : 0.46092504903763637,
    "sentKBytesPerSec" : 0.3152647521556128
  },
  "HTTP Request #1" : {
    "transaction" : "HTTP Request #1",
    "sampleCount" : 100,
    "errorCount" : 100,
    "errorPct" : 100.0,
    "meanResTime" : 2031.0000000000007,
    "medianResTime" : 1146.0,
    "minResTime" : 1111.0,
    "maxResTime" : 10267.0,
    "pct1ResTime" : 4491.0,
    "pct2ResTime" : 9484.99999999997,
    "pct3ResTime" : 10266.96,
    "throughput" : 2.0432348494135915,
    "receivedKBytesPerSec" : 0.46092504903763637,
    "sentKBytesPerSec" : 0.3152647521556128
  }
}