{
  "HTTP Request #3" : {
    "transaction" : "HTTP Request #3",
    "sampleCount" : 100,
    "errorCount" : 0,
    "errorPct" : 0.0,
    "meanResTime" : 549.6799999999996,
    "medianResTime" : 548.5,
    "minResTime" : 530.0,
    "maxResTime" : 634.0,
    "pct1ResTime" : 570.9,
    "pct2ResTime" : 577.9,
    "pct3ResTime" : 633.5699999999998,
    "throughput" : 3.3478406427854033,
    "receivedKBytesPerSec" : 0.7552257700033478,
    "sentKBytesPerSec" : 0.516561349179779
  },
  "HTTP Request #2" : {
    "transaction" : "HTTP Request #2",
    "sampleCount" : 100,
    "errorCount" : 33,
    "errorPct" : 33.0,
    "meanResTime" : 2459.4400000000014,
    "medianResTime" : 733.0,
    "minResTime" : 715.0,
    "maxResTime" : 8105.0,
    "pct1ResTime" : 6848.2000000000035,
    "pct2ResTime" : 8084.249999999995,
    "pct3ResTime" : 8104.99,
    "throughput" : 1.6790919470750219,
    "receivedKBytesPerSec" : 0.3787795310296192,
    "sentKBytesPerSec" : 0.25907864027134125
  },
  "Total" : {
    "transaction" : "Total",
    "sampleCount" : 300,
    "errorCount" : 133,
    "errorPct" : 44.333332,
    "meanResTime" : 1680.0400000000018,
    "medianResTime" : 733.0,
    "minResTime" : 530.0,
    "maxResTime" : 10267.0,
    "pct1ResTime" : 5831.0,
    "pct2ResTime" : 7053.0,
    "pct3ResTime" : 10252.540000000006,
    "throughput" : 2.168021680216802,
    "receivedKBytesPerSec" : 0.4890752032520325,
    "sentKBytesPerSec" : 0.3345189701897019
  },
  "HTTP Request #1" : {
    "transaction" : "HTTP Request #1",
    "sampleCount" : 100,
    "errorCount" : 100,
    "errorPct" : 100.0,
    "meanResTime" : 2031.0000000000007,
    "medianResTime" : 1146.0,
    "minResTime" : 1111.0,
    "maxResTime" : 10267.0,
    "pct1ResTime" : 4491.0,
    "pct2ResTime" : 9484.99999999997,
    "pct3ResTime" : 10266.96,
    "throughput" : 2.0432348494135915,
    "receivedKBytesPerSec" : 0.46092504903763637,
    "sentKBytesPerSec" : 0.3152647521556128
  }
}