{
  "HTTP Request #2" : {
    "transaction" : "HTTP Request #2",
    "sampleCount" : 100,
    "errorCount" : 33,
    "errorPct" : 33.0,
    "meanResTime" : 2459.4400000000014,
    "medianResTime" : 733.0,
    "minResTime" : 715.0,
    "maxResTime" : 8105.0,
    "pct1ResTime" : 6848.2000000000035,
    "pct2ResTime" : 8084.249999999995,
    "pct3ResTime" : 8104.99,
    "throughput" : 1.6790919470750219,
    "receivedKBytesPerSec" : 0.3787795310296192,
    "sentKBytesPerSec" : 0.25907864027134125
  },
  "Total" : {
    "transaction" : "Total",
    "sampleCount" : 100,
    "errorCount" : 33,
    "errorPct" : 33.0,
    "meanResTime" : 2459.4400000000014,
    "medianResTime" : 733.0,
    "minResTime" : 715.0,
    "maxResTime" : 8105.0,
    "pct1ResTime" : 6848.2000000000035,
    "pct2ResTime" : 8084.249999999995,
    "pct3ResTime" : 8104.99,
    "throughput" : 1.6790919470750219,
    "receivedKBytesPerSec" : 0.3787795310296192,
    "sentKBytesPerSec" : 0.25907864027134125
  }
}